{
    "prefabricados":[
        {"id":"mesaS", "nombre": "Mesa Cuyo S","precio":"17000","precio2":"15900","stock":"18","img":"img/mesa-xs.jpg"},
        {"id":"mesaM", "nombre": "Mesa Cuyo M","precio":"20000","precio2":"18700","stock":"9","img":"img/mesa-m.jpg"},
        {"id":"mesaL", "nombre": "Mesa Cuyo L","precio":"23000","precio2":"21500","stock":"7","img":"img/mesa-l.jpg"},
        {"id":"estanteria","nombre": "Estantería Norteña","precio":"25000","precio2":"24200","stock":"9","img":"img/estanteria.jpg"}
    ],
    "prefabricados2":[
        {"id":"barra", "nombre": "Barra Patagónica", "precio":"28000", "precio2":"26500", "stock":"5", "img":"img/barra.jpg"},
        {"id":"rack", "nombre": "Rack Pampeano", "precio":"21000", "precio2":"19000", "stock":"12", "img":"img/rack.jpg"},
        {"id":"estante-cocina", "nombre": "Estantes Litoral", "precio":"16500", "precio2":"14000", "stock":"14", "img":"img/estante-cocina.jpg"},
        {"id":"banqueta","nombre": "Banqueta Rosario", "precio":"22000", "precio2":"20000", "stock":"12", "img":"img/banqueta.jpg"}
    ]
}
